Player,All-Star
Anthony Davis_2019,1.0
Ben Simmons_2019,1.0
Blake Griffin_2019,1.0
Bradley Beal_2019,1.0
D'Angelo Russell_2019,1.0
Damian Lillard_2019,1.0
Dirk Nowitzki_2019,1.0
Dwyane Wade_2019,1.0
Giannis Antetokounmpo_2019,1.0
James Harden_2019,1.0
Joel Embiid_2019,1.0
Karl-Anthony Towns_2019,1.0
Kawhi Leonard_2019,1.0
Kemba Walker_2019,1.0
Kevin Durant_2019,1.0
Khris Middleton_2019,1.0
Klay Thompson_2019,1.0
Kyle Lowry_2019,1.0
Kyrie Irving_2019,1.0
LaMarcus Aldridge_2019,1.0
LeBron James_2019,1.0
Nikola Jokić_2019,1.0
Nikola Vučević_2019,1.0
Paul George_2019,1.0
Russell Westbrook_2019,1.0
Stephen Curry_2019,1.0
Al Horford_2018,1.0
Andre Drummond_2018,1.0
Anthony Davis_2018,1.0
Bradley Beal_2018,1.0
Damian Lillard_2018,1.0
DeMar DeRozan_2018,1.0
Draymond Green_2018,1.0
Giannis Antetokounmpo_2018,1.0
Gordon Hayward_2018,1.0
James Harden_2018,1.0
Jimmy Butler_2018,1.0
Joel Embiid_2018,1.0
Karl-Anthony Towns_2018,1.0
Kemba Walker_2018,1.0
Kevin Durant_2018,1.0
Klay Thompson_2018,1.0
Kyle Lowry_2018,1.0
Kyrie Irving_2018,1.0
LaMarcus Aldridge_2018,1.0
LeBron James_2018,1.0
Paul George_2018,1.0
Victor Oladipo_2018,1.0
Russell Westbrook_2018,1.0
Stephen Curry_2018,1.0
Anthony Davis_2017,1.0
Carmelo Anthony_2017,1.0
DeAndre Jordan_2017,1.0
DeMar DeRozan_2017,1.0
DeMarcus Cousins_2017,1.0
Draymond Green_2017,1.0
Giannis Antetokounmpo_2017,1.0
Gordon Hayward_2017,1.0
Isaiah Thomas_2017,1.0
James Harden_2017,1.0
Jimmy Butler_2017,1.0
John Wall_2017,1.0
Kawhi Leonard_2017,1.0
Kemba Walker_2017,1.0
Kevin Durant_2017,1.0
Klay Thompson_2017,1.0
Kyle Lowry_2017,1.0
Kyrie Irving_2017,1.0
LeBron James_2017,1.0
Marc Gasol_2017,1.0
Paul George_2017,1.0
Paul Millsap_2017,1.0
Russell Westbrook_2017,1.0
Stephen Curry_2017,1.0
Al Horford_2016,1.0
Andre Drummond_2016,1.0
Anthony Davis_2016,1.0
Carmelo Anthony_2016,1.0
Chris Bosh_2016,1.0
Chris Paul_2016,1.0
DeMar DeRozan_2016,1.0
DeMarcus Cousins_2016,1.0
Draymond Green_2016,1.0
Dwyane Wade_2016,1.0
Isaiah Thomas_2016,1.0
James Harden_2016,1.0
Jimmy Butler_2016,1.0
John Wall_2016,1.0
Kawhi Leonard_2016,1.0
Kevin Durant_2016,1.0
Klay Thompson_2016,1.0
Kobe Bryant_2016,1.0
Kyle Lowry_2016,1.0
LaMarcus Aldridge_2016,1.0
LeBron James_2016,1.0
Pau Gasol_2016,1.0
Paul George_2016,1.0
Paul Millsap_2016,1.0
Russell Westbrook_2016,1.0
Stephen Curry_2016,1.0
Al Horford_2015,1.0
Anthony Davis_2015,1.0
Blake Griffin_2015,1.0
Carmelo Anthony_2015,1.0
Chris Bosh_2015,1.0
Chris Paul_2015,1.0
Damian Lillard_2015,1.0
DeMarcus Cousins_2015,1.0
Dirk Nowitzki_2015,1.0
Dwyane Wade_2015,1.0
James Harden_2015,1.0
Jeff Teague_2015,1.0
Jimmy Butler_2015,1.0
John Wall_2015,1.0
Kevin Durant_2015,1.0
Klay Thompson_2015,1.0
Kobe Bryant_2015,1.0
Kyle Korver_2015,1.0
Kyle Lowry_2015,1.0
Kyrie Irving_2015,1.0
LaMarcus Aldridge_2015,1.0
LeBron James_2015,1.0
Marc Gasol_2015,1.0
Pau Gasol_2015,1.0
Paul Millsap_2015,1.0
Russell Westbrook_2015,1.0
Stephen Curry_2015,1.0
Tim Duncan_2015,1.0
LaMarcus Aldridge_2014,1.0
Damian Lillard_2014,1.0
Chris Paul_2014,1.0
Tony Parker_2014,1.0
James Harden_2014,1.0
Dwight Howard_2014,1.0
Dirk Nowitzki_2014,1.0
Kevin Durant_2014,1.0
Kobe Bryant_2014,1.0
Stephen Curry_2014,1.0
Blake Griffin_2014,1.0
Kevin Love_2014,1.0
Anthony Davis_2014,1.0
LeBron James_2014,1.0
Dwyane Wade_2014,1.0
Kyrie Irving_2014,1.0
Paul George_2014,1.0
Carmelo Anthony_2014,1.0
Roy Hibbert_2014,1.0
Paul Millsap_2014,1.0
DeMar DeRozan_2014,1.0
John Wall_2014,1.0
Joakim Noah_2014,1.0
Joe Johnson_2014,1.0
Chris Bosh_2014,1.0
Kevin Durant_2013,1.0
Dwight Howard_2013,1.0
Blake Griffin_2013,1.0
Kobe Bryant_2013,1.0
Chris Paul_2013,1.0
Tim Duncan_2013,1.0
Tony Parker_2013,1.0
Russell Westbrook_2013,1.0
James Harden_2013,1.0
Zach Randolph_2013,1.0
LaMarcus Aldridge_2013,1.0
David Lee_2013,1.0
Dwyane Wade_2013,1.0
LeBron James_2013,1.0
Rajon Rondo_2013,1.0
Carmelo Anthony_2013,1.0
Kevin Garnett_2013,1.0
Chris Bosh_2013,1.0
Tyson Chandler_2013,1.0
Joakim Noah_2013,1.0
Paul George_2013,1.0
Luol Deng_2013,1.0
Jrue Holiday_2013,1.0
Kyrie Irving_2013,1.0
Brook Lopez_2013,1.0
Derrick Rose_2012,1.0
Dwyane Wade_2012,1.0
LeBron James_2012,1.0
Carmelo Anthony_2012,1.0
Dwight Howard_2012,1.0
Chris Bosh_2012,1.0
Roy Hibbert_2012,1.0
Paul Pierce_2012,1.0
Deron Williams_2012,1.0
Luol Deng_2012,1.0
Andre Iguodala_2012,1.0
Joe Johnson_2012,1.0
Rajon Rondo_2012,1.0
Kobe Bryant_2012,1.0
Chris Paul_2012,1.0
Kevin Durant_2012,1.0
Blake Griffin_2012,1.0
Andrew Bynum_2012,1.0
Kevin Love_2012,1.0
LaMarcus Aldridge_2012,1.0
Russell Westbrook_2012,1.0
Dirk Nowitzki_2012,1.0
Tony Parker_2012,1.0
Steve Nash_2012,1.0
Marc Gasol_2012,1.0
Carmelo Anthony_2011,1.0
Kobe Bryant_2011,1.0
Kevin Durant_2011,1.0
Chris Paul_2011,1.0
Yao Ming_2011,1.0
Manu Ginobili_2011,1.0
Dirk Nowitzki_2011,1.0
Pau Gasol_2011,1.0
Deron Williams_2011,1.0
Russell Westbrook_2011,1.0
Blake Griffin_2011,1.0
Tim Duncan_2011,1.0
Kevin Love_2011,1.0
Dwyane Wade_2011,1.0
Amar'e Stoudemire_2011,1.0
Dwight Howard_2011,1.0
LeBron James_2011,1.0
Derrick Rose_2011,1.0
Kevin Garnett_2011,1.0
Paul Pierce_2011,1.0
Rajon Rondo_2011,1.0
Ray Allen_2011,1.0
Al Horford_2011,1.0
Joe Johnson_2011,1.0
Chris Bosh_2011,1.0
Deron Williams_2010,1.0
Chris Paul_2010,1.0
Pau Gasol_2010,1.0
Kevin Durant_2010,1.0
Dirk Nowitzki_2010,1.0
Zach Randolph_2010,1.0
Brandon Roy_2010,1.0
Steve Nash_2010,1.0
Kobe Bryant_2010,1.0
Amar'e Stoudemire_2010,1.0
Tim Duncan_2010,1.0
Carmelo Anthony_2010,1.0
Chauncey Billups_2010,1.0
Chris Kaman_2010,1.0
Jason Kidd_2010,1.0
LeBron James_2010,1.0
Kevin Garnett_2010,1.0
Allen Iverson_2010,1.0
Dwyane Wade_2010,1.0
Dwight Howard_2010,1.0
Rajon Rondo_2010,1.0
Derrick Rose_2010,1.0
Paul Pierce_2010,1.0
Chris Bosh_2010,1.0
Gerald Wallace_2010,1.0
Joe Johnson_2010,1.0
Al Horford_2010,1.0
David Lee_2010,1.0
Chauncey Billups_2009,1.0
Pau Gasol_2009,1.0
Dirk Nowitzki_2009,1.0
Shaquille O'Neal_2009,1.0
Tony Parker_2009,1.0
Brandon Roy_2009,1.0
David West_2009,1.0
Kobe Bryant_2009,1.0
Tim Duncan_2009,1.0
Chris Paul_2009,1.0
Yao Ming_2009,1.0
Amar'e Stoudemire_2009,1.0
Kevin Garnett_2009,1.0
Dwight Howard_2009,1.0
Allen Iverson_2009,1.0
LeBron James_2009,1.0
Dwyane Wade_2009,1.0
Chris Bosh_2009,1.0
Danny Granger_2009,1.0
Devin Harris_2009,1.0
Joe Johnson_2009,1.0
Rashard Lewis_2009,1.0
Jameer Nelson_2009,1.0
Paul Pierce_2009,1.0
Ray Allen_2009,1.0
Mo Williams_2009,1.0
Carlos Boozer_2008,1.0
Steve Nash_2008,1.0
Dirk Nowitzki_2008,1.0
Chris Paul_2008,1.0
Brandon Roy_2008,1.0
Amar'e Stoudemire_2008,1.0
David West_2008,1.0
Allen Iverson_2008,1.0
Kobe Bryant_2008,1.0
Carmelo Anthony_2008,1.0
Tim Duncan_2008,1.0
Yao Ming_2008,1.0
Jason Kidd_2008,1.0
Dwyane Wade_2008,1.0
LeBron James_2008,1.0
Kevin Garnett_2008,1.0
Dwight Howard_2008,1.0
Chauncey Billups_2008,1.0
Chris Bosh_2008,1.0
Caron Butler_2008,1.0
Richard Hamilton_2008,1.0
Antawn Jamison_2008,1.0
Joe Johnson_2008,1.0
Paul Pierce_2008,1.0
Ray Allen_2008,1.0
Rasheed Wallace_2008,1.0
Kobe Bryant_2007,1.0
Tracy McGrady_2007,1.0
Kevin Garnett_2007,1.0
Tim Duncan_2007,1.0
Yao Ming_2007,1.0
Steve Nash_2007,1.0
Amar'e Stoudemire_2007,1.0
Carlos Boozer_2007,1.0
Tony Parker_2007,1.0
Allen Iverson_2007,1.0
Shawn Marion_2007,1.0
Dirk Nowitzki_2007,1.0
Ray Allen_2007,1.0
Carmelo Anthony_2007,1.0
Josh Howard_2007,1.0
Mehmet Okur_2007,1.0
Gilbert Arenas_2007,1.0
Dwyane Wade_2007,1.0
LeBron James_2007,1.0
Chris Bosh_2007,1.0
Shaquille O'Neal_2007,1.0
Chauncey Billups_2007,1.0
Caron Butler_2007,1.0
Vince Carter_2007,1.0
Richard Hamilton_2007,1.0
Dwight Howard_2007,1.0
Jason Kidd_2007,1.0
Jermaine O'Neal_2007,1.0
Joe Johnson_2007,1.0
Steve Nash_2006,1.0
Kobe Bryant_2006,1.0
Tracy McGrady_2006,1.0
Tim Duncan_2006,1.0
Yao Ming_2006,1.0
Ray Allen_2006,1.0
Elton Brand_2006,1.0
Kevin Garnett_2006,1.0
Pau Gasol_2006,1.0
Shawn Marion_2006,1.0
Dirk Nowitzki_2006,1.0
Tony Parker_2006,1.0
Allen Iverson_2006,1.0
Dwyane Wade_2006,1.0
LeBron James_2006,1.0
Shaquille O'Neal_2006,1.0
Jermaine O'Neal_2006,1.0
Chauncey Billups_2006,1.0
Chris Bosh_2006,1.0
Vince Carter_2006,1.0
Richard Hamilton_2006,1.0
Paul Pierce_2006,1.0
Ben Wallace_2006,1.0
Rasheed Wallace_2006,1.0
Gilbert Arenas_2006,1.0
Kobe Bryant_2005,1.0
Tracy McGrady_2005,1.0
Kevin Garnett_2005,1.0
Tim Duncan_2005,1.0
Yao Ming_2005,1.0
Manu Ginobili_2005,1.0
Amar'e Stoudemire_2005,1.0
Ray Allen_2005,1.0
Shawn Marion_2005,1.0
Steve Nash_2005,1.0
Dirk Nowitzki_2005,1.0
Rashard Lewis_2005,1.0
Allen Iverson_2005,1.0
LeBron James_2005,1.0
Vince Carter_2005,1.0
Shaquille O'Neal_2005,1.0
Grant Hill_2005,1.0
Gilbert Arenas_2005,1.0
Antawn Jamison_2005,1.0
Dwyane Wade_2005,1.0
Zydrunas Ilgauskas_2005,1.0
Jermaine O'Neal_2005,1.0
Ben Wallace_2005,1.0
Paul Pierce_2005,1.0
Steve Francis_2004,1.0
Yao Ming_2004,1.0
Kobe Bryant_2004,1.0
Kevin Garnett_2004,1.0
Tim Duncan_2004,1.0
Shaquille O'Neal_2004,1.0
Andrei Kirilenko_2004,1.0
Dirk Nowitzki_2004,1.0
Peja Stojakovic_2004,1.0
Ray Allen_2004,1.0
Brad Miller_2004,1.0
Sam Cassell_2004,1.0
Ben Wallace_2004,1.0
Jermaine O'Neal_2004,1.0
Tracy McGrady_2004,1.0
Allen Iverson_2004,1.0
Vince Carter_2004,1.0
Jason Kidd_2004,1.0
Paul Pierce_2004,1.0
Baron Davis_2004,1.0
Metta World Peace_2004,1.0
Michael Redd_2004,1.0
Kenyon Martin_2004,1.0
Jamaal Magloire_2004,1.0
Ben Wallace_2003,1.0
Jermaine O'Neal_2003,1.0
Tracy McGrady_2003,1.0
Allen Iverson_2003,1.0
Jason Kidd_2003,1.0
Paul Pierce_2003,1.0
Antoine Walker_2003,1.0
Zydrunas Ilgauskas_2003,1.0
Michael Jordan_2003,1.0
Jamal Mashburn_2003,1.0
Vince Carter_2003,1.0
Brad Miller_2003,1.0
Steve Francis_2003,1.0
Yao Ming_2003,1.0
Kobe Bryant_2003,1.0
Kevin Garnett_2003,1.0
Tim Duncan_2003,1.0
Shaquille O'Neal_2003,1.0
Stephon Marbury_2003,1.0
Shawn Marion_2003,1.0
Steve Nash_2003,1.0
Dirk Nowitzki_2003,1.0
Gary Payton_2003,1.0
Peja Stojakovic_2003,1.0
Chris Webber_2003,1.0
Dikembe Mutombo_2002,1.0
Vince Carter_2002,1.0
Antoine Walker_2002,1.0
Allen Iverson_2002,1.0
Ray Allen_2002,1.0
Shareef Abdur-Rahim_2002,1.0
Jason Kidd_2002,1.0
Tracy McGrady_2002,1.0
Alonzo Mourning_2002,1.0
Paul Pierce_2002,1.0
Jermaine O'Neal_2002,1.0
Baron Davis_2002,1.0
Michael Jordan_2002,1.0
Shaquille O'Neal_2002,1.0
Tim Duncan_2002,1.0
Kevin Garnett_2002,1.0
Kobe Bryant_2002,1.0
Steve Francis_2002,1.0
Karl Malone_2002,1.0
Steve Nash_2002,1.0
Dirk Nowitzki_2002,1.0
Gary Payton_2002,1.0
Peja Stojakovic_2002,1.0
Wally Szczerbiak_2002,1.0
Chris Webber_2002,1.0
Elton Brand_2002,1.0
Allen Iverson_2001,1.0
Tracy McGrady_2001,1.0
Vince Carter_2001,1.0
Alonzo Mourning_2001,1.0
Grant Hill_2001,1.0
Ray Allen_2001,1.0
Antonio Davis_2001,1.0
Theo Ratliff_2001,1.0
Glenn Robinson_2001,1.0
Jerry Stackhouse_2001,1.0
Stephon Marbury_2001,1.0
Anthony Mason_2001,1.0
Dikembe Mutombo_2001,1.0
Latrell Sprewell_2001,1.0
Allan Houston_2001,1.0
Jason Kidd_2001,1.0
Kobe Bryant_2001,1.0
Tim Duncan_2001,1.0
Shaquille O'Neal_2001,1.0
Chris Webber_2001,1.0
Michael Finley_2001,1.0
Kevin Garnett_2001,1.0
Karl Malone_2001,1.0
Antonio McDyess_2001,1.0
Gary Payton_2001,1.0
Rasheed Wallace_2001,1.0
David Robinson_2001,1.0
Vlade Divac_2001,1.0
